app_family_mots,active_org,asset_id,application_name,auto_sub_cat3,closed_date,current_ticket_state,durations,delivery_center,effort,hold_time,last_modified_time,last_resolved_date,lob_name,owner_name,problem_abstract,problem_mapping,reported_date_time,responded_date,service_restored_date,severity,sla_response,sla_contract,system_user,ticket_number,ticket_source,ticket_type,time_submitted,work_queue
Project 1,Org_1,,MSTR,Functionality,17-01-17 5:17,Closed,3498,Not Defined,240,10,17-01-17 5:17,17-01-17 5:17,BI Reports,,PROD MACHINE : laq9ndwpr01 : Job dat-inh-rdm-q9n558_rdm550sqppsmdf.s failed with exit code 100,Not Defined,14-01-17 6:18,Not Defined,17-01-17 5:17,3,Met,Met,BI Data,INC000020793173,Remedy,Incident,14-01-17 6:18,SRVCAM-AM BI-Data
Project 1,Org_1,,MSTR,Configuration,15-01-17 5:17,In Progress,1198924,Not Defined,Not Defined,10,15-01-17 5:17,14-01-17 5:11,BI Reports,owner_name1387,Access enabled. Confirmed from user.,Not Defined,30-01-16 3:44,30-01-16 3:44,13-02-16 12:46,3,Met,Met,BI Reports,INC000019343584,Remedy,Incident,30-01-16 3:44,SRVCAM-AM BI-Reports
Project 1,Org_1,,MSTR,Training / How to,15-01-17 5:17,In Progress,650,Not Defined,150,10,15-01-17 5:17,15-01-17 5:17,BI Reports,owner_name2398,PROD MACHINE  vwhemstpr05: Error Code: 510 Job rpt-inh-mst-lcl711_slv0003.f is running longer than t,Not Defined,13-01-17 5:00,Not Defined,14-01-17 5:11,2,Met,Met,BI Reports,INC000020793217,Remedy,Incident,13-01-17 5:00,SRVCAM-AM BI-Reports
Project 1,Org_1,,MSTR,Access,16-01-17 5:41,In Progress,3618,Not Defined,240,10,16-01-17 5:41,15-01-17 5:17,BI Reports,owner_name3272,PROD MACHINE  laq9ndwpr01: Error Code: 510 Job dat-inh-rdm-q9n558_rdm550sqppsmdf.s is running longer,Not Defined,13-01-17 4:16,Not Defined,15-01-17 5:17,3,Met,Met,BI Data,INC000020793170,Remedy,Incident,13-01-17 4:16,SRVCAM-AM BI-Data
Project 1,Org_1,,MSTR,,24-01-16 3:21,In Progress,1138247,Not Defined,Not Defined,10,24-01-16 3:21,16-01-17 5:41,BI Reports,,The job has failed as the report got failed due to save to document error for 31st May. Job kept ON ICE temporarily,Not Defined,31-05-16 9:01,31-05-16 9:07,13-06-16 1:12,3,Met,Met,BI Reports,INC000019866513,Remedy,Incident,31-05-16 9:01,SRVCAM-AM BI-Reports
Project 1,Org_1,,MSTR,Access,14-05-16 11:43,Resolved,5123930,Not Defined,Not Defined,10,25-01-16 8:59,13-01-17 5:17,BI Reports,owner_name2513,User confirmed that issue has been addressed.,Not Defined,16-03-16 4:24,16-03-16 4:24,14-05-16 11:43,2,Met,Met,BI Data,INC000019562669,Remedy,Service Request,16-03-16 4:24,SRVCAM-AM BI-Data
Project 1,Org_1,Desktop Software,MSTR,Service Unavailable,14-02-16 2:21,In Progress,1560918,Not Defined,Not Defined,10,24-01-16 6:58,14-01-17 5:11,BI Reports,owner_name1966,Converted to PBI #PBI000000178355 for further investigation.,Not Defined,27-01-16 12:46,Not Defined,14-02-16 2:21,4,Met,Met,BI Reports,INC000019331669,Remedy,Incident,27-01-16 12:46,SRVCAM-AM BI-Reports
Project 1,Org_1,,Admin,Other,14-05-16 9:31,In Progress,1329228,Not Defined,Not Defined,10,13-01-17 5:42,13-01-17 5:17,Admin,owner_name3104,User's account has been enabled. Please raise a new ticket if any issue is faced.,Not Defined,29-04-16 12:17,29-04-16 12:17,14-05-16 9:31,3,Met,Met,BI Admin,INC000019728232,Remedy,Incident,29-04-16 12:17,SRVCAM-AM BI-Reports Admin
Project 1,Org_1,Directory,MSTR,Password Reset,13-01-17 11:44,In Progress,23116,Not Defined,240,10,13-01-17 11:45,16-01-17 5:41,BI Reports,owner_name2398,PROD MACHINE : laq9ndwpr01 : Job dat-inh-rdm-q9n651_prd641fast.s failed with exit code 121,Not Defined,13-01-17 5:19,Not Defined,15-01-17 5:17,3,Met,Met,BI Data,INC000020792195,Remedy,Incident,13-01-17 5:19,SRVCAM-AM BI-Data
Project 1,Org_1,Directory,MSTR,Profile,14-05-16 9:59,In Progress,1343426,Not Defined,Not Defined,10,14-05-16 9:59,15-01-17 5:17,BI Reports,owner_name834,Details Provided.,Not Defined,29-04-16 8:48,Not Defined,14-05-16 9:59,3,Met,Met,BI Data,INC000019726576,Remedy,Service Request,29-04-16 8:48,SRVCAM-AM BI-Data
Project 1,Org_1,,MSTR,Connectivity,14-03-16 3:54,In Progress,1369407,Not Defined,Not Defined,10,14-03-16 3:54,25-01-16 9:37,BI Reports,owner_name1848,Resolution conveyed. User replied that issue is now resolved.,Not Defined,27-02-16 7:31,27-02-16 7:31,14-03-16 3:54,3,Met,Met,BI Reports,INC000019465547,Remedy,Incident,27-02-16 7:31,SRVCAM-AM BI-Reports
Project 1,Org_1,,MSTR,Access,13-01-17 5:41,In Progress,6023,Not Defined,240,10,24-01-16 3:21,24-01-16 3:21,BI Reports,owner_name1387,PROD MACHINE : laq9ndwpr01 : Job dat-inh-rdm-q9n021_prd102sp.s failed with exit code 70,Not Defined,13-01-17 4:01,Not Defined,16-01-17 5:41,3,Met,Met,BI Data,INC000020793156,Remedy,Incident,13-01-17 4:01,SRVCAM-AM BI-Data
Project 1,Org_1,Directory,MSTR,Configuration,13-06-16 1:26,In Progress,1208472,Not Defined,Not Defined,10,25-01-16 10:17,25-01-16 10:17,BI Reports,owner_name235,Confirmation from the user to close the incident as the issue is resolved and user is able to access micro strategy,Not Defined,30-05-16 1:45,30-05-16 1:45,13-06-16 1:26,4,Met,Met,BI Reports,INC000019861133,Remedy,Incident,30-05-16 1:45,SRVCAM-AM BI-Reports
Project 1,Org_1,Directory,MSTR,Unable to Login,14-02-16 2:46,Closed,2262471,Not Defined,Not Defined,10,14-02-16 2:46,24-01-16 3:34,BI Reports,owner_name1309,User now have access to INV report folder,Not Defined,19-01-16 10:18,19-01-16 10:18,14-02-16 2:46,3,Met,Met,BI Reports,INC000019298955,Remedy,Incident,19-01-16 10:18,SRVCAM-AM BI-Reports
Project 1,Org_1,Desktop Software,MSTR,Configuration,14-01-17 11:46,Closed,19666,Not Defined,240,10,16-01-17 9:11,16-01-17 9:11,BI Reports,owner_name3273,PROD MACHINE : laq9ndwpr01 : Job dat-inh-rdm-q9n651_prd641fast.s failed with exit code 121,Not Defined,14-01-17 6:18,Not Defined,14-01-17 11:46,3,Met,Met,BI Data,INC000020795087,Remedy,Incident,14-01-17 6:18,SRVCAM-AM BI-Data
Project 1,Org_1,Desktop Software,MSTR,Configuration,13-01-17 5:40,Resolved,6241,Not Defined,240,10,25-01-16 8:59,25-01-16 8:59,BI Reports,owner_name1966,PROD MACHINE : laq9ndwpr01 : Job dat-inh-rdm-q9n021_prd102cth.s failed with exit code 70,Not Defined,13-01-17 3:56,Not Defined,13-01-17 5:17,3,Met,Met,BI Data,INC000020793149,Remedy,Incident,13-01-17 3:56,SRVCAM-AM BI-Data
Project 1,Org_1,Directory,MSTR,Unable to Login,13-01-17 5:42,Closed,5062,Not Defined,240,10,24-01-16 6:58,24-01-16 6:58,BI Reports,owner_name1736,PROD MACHINE : laq9ndwpr01 : Job dat-inh-rdm-q9n021_prd102ctt.s failed with exit code 60,Not Defined,13-01-17 4:18,Not Defined,14-01-17 5:11,3,Met,Met,BI Data,INC000020793172,Remedy,Incident,13-01-17 4:18,SRVCAM-AM BI-Data
Project 1,Org_1,,MSTR,Configuration,13-01-17 5:41,Resolved,6044,Not Defined,240,10,24-01-16 8:04,24-01-16 8:04,BI Reports,owner_name1848,PROD MACHINE : laq9ndwpr01 : Job dat-inh-rdm-q9n021_prd102ctd.s failed with exit code 70,Not Defined,13-01-17 4:01,Not Defined,15-01-17 5:17,3,Met,Met,BI Data,INC000020793157,Remedy,Incident,13-01-17 4:01,SRVCAM-AM BI-Data
Project 1,Org_1,Desktop Software,MSTR,Configuration,14-03-16 12:33,Resolved,1150958,Not Defined,Not Defined,10,24-01-16 4:32,24-01-16 4:32,BI Reports,owner_name1966,Micro strategy account enabled and mail sent to user. Hence resolving the issue,Not Defined,29-02-16 4:50,29-02-16 4:50,15-01-17 5:17,3,Met,Met,BI Reports,INC000019482386,Remedy,Incident,29-02-16 4:50,SRVCAM-AM BI-Reports
Project 1,Org_1,,MSTR,Other,14-03-16 2:33,Resolved,1183405,Not Defined,Not Defined,10,14-03-16 2:33,14-03-16 2:33,BI Reports,owner_name3272,The tables mentioned in your list was populated through our store loading process. Our P140 database is having some performance issue due to that there was a delay in loading these tables. Now the issue is fixed with the expedite CRQ000001198144. Going forward you would no longer see the delay in these tables,Not Defined,29-02-16 9:50,Not Defined,16-01-17 5:41,4,Met,Met,BI Data,INC000019480506,Remedy,Incident,29-02-16 9:50,SRVCAM-AM BI-Data
Project 1,Org_1,RTBS/Portal,MSTR,Unable to Login,13-10-16 10:37,Resolved,1093857,Not Defined,Not Defined,10,13-10-16 10:37,13-10-16 10:37,BI Reports,owner_name834,"1. State the issue: Job max run
2. Why it happened: Update STR_PRC_HIST statement took longer than expected
3. Job Failed/long running:max-run
4. Downstream impact: no impact
5. Resolution applied: Job completed it's run by Sep 30, 2016 6:52:01 PM
6. What should be done to prevent the inflow of such tickets: NA",Not Defined,30-09-16 6:46,Not Defined,13-10-16 10:37,2,Met,Met,BI Data,INC000020425526,Remedy,Incident,30-09-16 6:46,SRVCAM-AM BI-Data
Project 1,Org_1,Desktop Software,MSTR,Configuration,13-09-16 11:14,Resolved,1128655,Not Defined,Not Defined,10,13-09-16 11:14,13-09-16 11:14,BI Reports,owner_name1966,"1. State the issue: User was not able to access Microstrategy reports.
2. Why it happened: NA
3. Data Issue: NO
4. Dependent Job Delay/Job fail: NA 
5. Resolution applied: NA
6. What should be done to prevent the inflow of such tickets: NA",Not Defined,31-08-16 9:44,31-08-16 9:44,13-09-16 11:14,3,Met,Met,BI Reports,INC000020280565,Remedy,Service Request,31-08-16 9:44,SRVCAM-AM BI-Reports
Project 1,Org_1,Desktop Hardware,Admin,Fault,13-03-16 11:32,Closed,1145625,Not Defined,Not Defined,10,13-03-16 11:32,13-03-16 11:32,Admin,owner_name1848,Micro strategy account enabled,Not Defined,29-02-16 5:18,Not Defined,13-03-16 11:32,4,Met,Met,BI Admin,INC000019482949,Remedy,Service Request,29-02-16 5:18,SRVCAM-AM BI-Reports Admin
Project 1,Org_1,,MSTR,Configuration,14-02-16 2:20,Resolved,1560284,Not Defined,Not Defined,10,14-02-16 2:20,14-02-16 2:20,BI Reports,owner_name1736,Issue Resolved. User confirmed the same.,Not Defined,27-01-16 12:56,Not Defined,14-02-16 2:20,3,Met,Met,BI Reports,INC000019331964,Remedy,Service Request,27-01-16 12:56,SRVCAM-AM BI-Reports
Project 1,Org_1,Directory,MSTR,Password Reset,13-04-16 3:58,Closed,6646,Not Defined,Not Defined,10,13-04-16 3:58,13-04-16 3:58,BI Reports,owner_name1492,"Cancelling high incident for QA request, kindly share the new incident with low priority",Not Defined,13-04-16 2:07,13-04-16 2:07,13-04-16 3:58,2,Met,Met,BI Reports,INC000019668312,Remedy,Incident,13-04-16 2:07,SRVCAM-AM BI-Reports
Project 1,Org_1,,MSTR,Functionality,13-01-17 5:42,Resolved,5214,Not Defined,240,10,13-01-17 5:42,13-01-17 5:42,BI Reports,owner_name2051,PROD MACHINE : laq9ndwpr01 : Job dat-inh-rdm-q9n021_prd104eft.s failed with exit code 70,Not Defined,13-01-17 4:15,Not Defined,13-01-17 5:17,3,Met,Met,BI Data,INC000020793169,Remedy,Incident,13-01-17 4:15,SRVCAM-AM BI-Data
Project 1,Org_1,,MSTR,Access,14-03-16 2:52,Closed,1186364,Not Defined,Not Defined,10,14-03-16 2:52,14-03-16 2:52,BI Reports,owner_name1387,confirmation from the user that expected things appearing on the report,Not Defined,29-02-16 9:19,Not Defined,14-01-17 5:11,4,Met,Met,BI Reports,INC000019479379,Remedy,Incident,29-02-16 9:19,SRVCAM-AM BI-Reports
Project 1,Org_1,,MSTR,Access,14-03-16 8:25,Closed,1799187,Not Defined,Not Defined,10,14-03-16 8:25,14-03-16 8:25,BI Reports,owner_name1224,converted to PBI000000179621 for further analysis,Not Defined,22-02-16 12:39,22-02-16 12:39,15-01-17 5:17,3,Met,Met,BI Reports,INC000019444190,Remedy,Incident,22-02-16 12:39,SRVCAM-AM BI-Reports
Project 1,Org_1,,MSTR,Functionality,14-05-16 8:59,Resolved,1314852,Not Defined,Not Defined,10,14-05-16 8:59,14-05-16 8:59,BI Reports,owner_name2051,Relating to INC000019711937 as we have a similar request,Not Defined,29-04-16 3:45,Not Defined,15-01-17 5:17,4,Met,Met,BI Reports,INC000019729215,Remedy,Service Request,29-04-16 3:45,SRVCAM-AM BI-Reports
Project 1,Org_1,Desktop Software,MSTR,Configuration,13-01-17 11:45,Closed,9026,Not Defined,240,10,13-01-17 11:45,13-01-17 11:45,BI Reports,owner_name1966,PROD MACHINE : no machine : Job dat-inh-rdm-q9n651_prdstats.b failed with exit code 1,Not Defined,13-01-17 9:15,Not Defined,16-01-17 5:41,3,Met,Met,BI Data,INC000020792491,Remedy,Incident,13-01-17 9:15,SRVCAM-AM BI-Data
Project 1,Org_1,Directory,Admin,Permissions,13-03-16 11:34,Closed,1147243,Not Defined,Not Defined,10,13-03-16 11:34,13-03-16 11:34,Admin,owner_name1736,Micro strategy account enabled,Not Defined,29-02-16 4:53,Not Defined,13-03-16 11:34,4,Met,Met,BI Admin,INC000019482932,Remedy,Service Request,29-02-16 4:53,SRVCAM-AM BI-Reports Admin
Project 1,Org_1,,MSTR,Functionality,14-05-16 10:37,Resolved,1508642,Not Defined,Not Defined,10,14-05-16 10:37,14-05-16 10:37,BI Reports,owner_name2051,User confirmed that issue has been resolved.,Not Defined,27-04-16 11:33,Not Defined,14-05-16 10:37,4,Met,Met,BI Data,INC000019720702,Remedy,Service Request,27-04-16 11:33,SRVCAM-AM BI-Data
Project 1,Org_1,Directory,MSTR,Access,14-06-16 3:54,Resolved,1183955,Not Defined,Not Defined,10,14-06-16 3:54,14-06-16 3:54,BI Reports,,"bad data recevied from the source.
new veiw was deployed.
INC000019883155 was assigned to DBA for implementing the new view.",Not Defined,31-05-16 11:01,Not Defined,14-06-16 3:54,3,Met,Met,BI Data,INC000019870575,Remedy,Incident,31-05-16 11:01,SRVCAM-AM BI-Data
Project 1,Org_1,Directory,MSTR,Password Reset,13-06-16 1:24,Resolved,1210793,Not Defined,Not Defined,10,13-06-16 1:24,13-06-16 1:24,BI Reports,owner_name192,no response from user. Hence resolving the issue,Not Defined,30-05-16 1:04,30-05-16 1:04,13-06-16 1:24,4,Met,Met,BI Reports,INC000019861210,Remedy,Service Request,30-05-16 1:04,SRVCAM-AM BI-Reports
Project 1,Org_1,Directory,MSTR,Password Reset,13-11-16 10:05,Resolved,23669,Not Defined,150,10,13-11-16 10:05,13-11-16 10:05,BI Reports,owner_name1404,PROD MACHINE : lclrspd9 : Job dat-inh-ndw-lcl250_sun5.s failed with exit code 1,Not Defined,13-11-16 3:30,Not Defined,13-11-16 10:05,2,Met,Met,BI Data,INC000020583940,Remedy,Incident,13-11-16 3:30,SRVCAM-AM BI-Data
Project 1,Org_1,Desktop Software,MSTR,Configuration,13-09-16 11:57,Resolved,4502406,Not Defined,Not Defined,10,13-09-16 11:57,13-09-16 11:57,BI Reports,owner_name1966,"No action required from reporting team, as BW team is unable to recover the data as mentioned in the notes",Not Defined,23-07-16 9:17,23-07-16 9:17,13-09-16 11:57,4,Met,Met,BI Reports,INC000020089105,Remedy,Service Request,23-07-16 9:17,SRVCAM-AM BI-Reports
Project 1,Org_1,,MSTR,Profile,13-12-16 7:59,Closed,33981,Not Defined,240,10,13-12-16 7:59,13-12-16 7:59,BI Reports,owner_name441,PROD MACHINE  lclrspd9: Error Code: 510 Job dat-inh-wrd-lcl190_183wc.f is running longer than the ma,Not Defined,13-12-16 10:32,Not Defined,13-12-16 7:59,3,Met,Met,BI Data,INC000020684171,Remedy,Incident,13-12-16 10:32,SRVCAM-AM BI-Data
Project 1,Org_1,Directory,MSTR,Password Reset,14-03-16 5:41,Resolved,1451328,Not Defined,Not Defined,10,14-03-16 5:41,14-03-16 5:41,BI Reports,owner_name2398,Data has been caught up for the store and confirmation from the user to resolve the issue,Not Defined,26-02-16 10:32,26-02-16 10:32,14-03-16 5:41,3,Met,Met,BI Reports,INC000019461585,Remedy,Incident,26-02-16 10:32,SRVCAM-AM BI-Reports
Project 1,Org_1,Directory,MSTR,Password Reset,13-06-16 1:46,Resolved,1485610,Not Defined,Not Defined,10,13-06-16 1:46,13-06-16 1:46,BI Reports,owner_name1387,User need to call SDM helpdesk for access,Not Defined,27-05-16 9:06,27-05-16 9:06,13-06-16 1:46,4,Met,Met,BI Reports,INC000019844680,Remedy,Service Request,27-05-16 9:06,SRVCAM-AM BI-Reports
Project 1,Org_1,,MSTR,Access,14-03-16 3:53,Closed,1363958,Not Defined,Not Defined,10,14-03-16 3:53,14-03-16 3:53,BI Reports,owner_name1224,Confirmation from the user to resolve the incident,Not Defined,27-02-16 9:01,27-02-16 9:01,14-03-16 3:53,3,Met,Met,BI Reports,INC000019465583,Remedy,Incident,27-02-16 9:01,SRVCAM-AM BI-Reports
Project 1,Org_1,Directory,Admin,Password Reset,14-05-16 9:30,Resolved,1328984,Not Defined,Not Defined,10,14-05-16 9:30,14-05-16 9:30,Admin,,User's account has been enabled. Please try accessing the reports and raise a new ticket if you face any issue.,Not Defined,29-04-16 12:21,29-04-16 12:21,14-05-16 9:30,4,Met,Met,BI Admin,INC000019728241,Remedy,Incident,29-04-16 12:21,SRVCAM-AM BI-Reports Admin
Project 1,Org_1,Directory,MSTR,Password Reset,Not Defined,Closed,Not Defined,Not Defined,Not Defined,10,14-01-17 12:59,14-01-17 12:59,BI Reports,owner_name192,Incorrect data in Department Roll up feed,Not Defined,14-01-17 12:59,14-01-17 12:59,14-01-17 12:59,3,Not Defined,Not Defined,BI Data,INC000020794413,Remedy,Service Request,14-01-17 12:59,SRVCAM-AM BI-Data
Project 1,Org_1,Directory,MSTR,Password Reset,14-03-16 8:11,Closed,1710616,Not Defined,Not Defined,10,14-03-16 8:11,23-01-17 12:35,BI Reports,owner_name1377,Converted into PBI000000180005 for furthur investigation.,Not Defined,23-02-16 1:00,23-02-16 1:00,19-01-17 8:37,3,Met,Met,BI Data,INC000019450612,Remedy,Incident,23-02-16 1:00,SRVCAM-AM BI-Data
Project 1,Org_1,Desktop Software,MSTR,Access,14-05-16 11:37,Closed,3845416,Not Defined,Not Defined,10,14-05-16 11:37,23-01-17 12:35,BI Reports,,No response from user thus closing ticket.,Not Defined,31-03-16 11:26,31-03-16 11:26,23-01-17 12:35,3,Met,Met,BI Data,INC000019616103,Remedy,Service Request,31-03-16 11:26,SRVCAM-AM BI-Data
Project 1,Org_1,Desktop Hardware,MSTR,Connectivity,13-01-17 5:18,Closed,3533,Not Defined,240,10,13-01-17 5:18,23-01-17 12:35,BI Reports,,PROD MACHINE : no machine : Job dat-inh-rdm-q9n558_prddly.b failed with exit code 1,Not Defined,13-01-17 4:19,Not Defined,23-01-17 12:35,3,Met,Met,BI Data,INC000020793174,Remedy,Incident,13-01-17 4:19,SRVCAM-AM BI-Data
Project 1,Org_1,,MSTR,Other,14-01-17 11:50,Resolved,9275,Not Defined,240,10,14-01-17 11:50,23-01-17 12:35,BI Reports,owner_name3063,PROD MACHINE : no machine : Job dat-inh-rdm-q9n651_prdstats.b failed with exit code 1,Not Defined,14-01-17 9:15,Not Defined,23-01-17 12:35,3,Met,Met,BI Data,INC000020795314,Remedy,Incident,14-01-17 9:15,SRVCAM-AM BI-Data
Project 1,Org_1,,MSTR,Configuration,14-06-16 4:11,Resolved,1291214,Not Defined,Not Defined,10,14-06-16 4:11,23-01-17 12:35,BI Reports,owner_name1736,"According to the attached screenshot in the remedy work info, we can see that the site mentioned in the prompt is 4627 while the INC is raised for site 1895.
As per security settings on the user id accessing the reports, the user has access to the site against which he is tagged.

Hence the user is unable to view the site 4627.",Not Defined,30-05-16 5:31,30-05-16 5:31,23-01-17 12:35,4,Met,Met,BI Reports,INC000019862429,Remedy,Service Request,30-05-16 5:31,SRVCAM-AM BI-Reports
Project 1,Org_1,,Admin,Profile,Not Defined,Resolved,Not Defined,Not Defined,Not Defined,10,23-01-17 12:35,23-01-17 12:35,Admin,owner_name1309,Producer smaramg receiving an error when copying objects from Report Transfer.,Not Defined,19-01-17 8:37,19-01-17 8:37,23-01-17 12:35,3,Not Defined,Not Defined,BI Admin,INC000020817975,Remedy,Service Request,19-01-17 8:37,SRVCAM-AM BI-Reports Admin
Project 1,Org_1,,MSTR,Other,26-10-16 6:08,Resolved,36457,Not Defined,Not Defined,10,26-10-16 6:08,23-01-17 12:35,BI Reports,owner_name2021,"1. State the issue:Job failed as the session was aborted.
2. Why it happened: Since the query consumed high CPU and very high PJI thus reaching the threshold limit, session didn’t had enough resources to create volatile table, thus got aborted.
3. Job Failed/long running:Job failed.
4. Downstream impact:ISAT files were delayed to downstream teams
5. Resolution applied:To avoid duplicate issue executed the remaining steps to recover the fail job.Job was completed at Oct 26, 2016 3:52:09 AM
6. Wha",Not Defined,25-10-16 8:00,Not Defined,23-01-17 12:35,2,Met,Met,BI Data,INC000020527566,Remedy,Incident,25-10-16 8:00,SRVCAM-AM BI-Data
Project 1,Org_1,RTBS/PTP,MSTR,Functionality,27-12-16 12:05,Resolved,79423,Not Defined,300,10,27-12-16 12:05,23-01-17 12:35,BI Reports,,Filesystem /y on host lcllxp127 has triggered a MINOR alert for disk space currently utilized.   Cur,Not Defined,26-12-16 2:01,26-12-16 2:03,23-01-17 12:35,4,Met,Met,BI Data,INC000020731048,Remedy,Incident,26-12-16 2:01,SRVCAM-AM BI-Data
Project 1,Org_1,RTBS/PTP,MSTR,Functionality,25-11-16 3:37,Resolved,12166,Not Defined,210,10,25-11-16 3:37,27-01-17 12:35,BI Reports,owner_name2596,PROD MACHINE : laq9ndwpr01 : Job dat-inh-ndw-q9n744_prdgpc.s failed with exit code 1,Not Defined,25-11-16 12:14,Not Defined,27-01-17 12:35,3,Met,Met,BI Data,INC000020626187,Remedy,Incident,25-11-16 12:14,SRVCAM-AM BI-Data
Project 1,Org_1,Directory,MSTR,Password Reset,24-09-16 7:53,Resolved,946333,Not Defined,Not Defined,10,24-09-16 7:53,27-01-17 12:35,BI Reports,owner_name2513,"DML Command took longer to comlete. working on increasing max run time for these jobs. job completed at 		Sep 13, 2016 9:49:45 AM",Not Defined,13-09-16 9:01,Not Defined,27-01-17 12:35,3,Met,Met,BI Data,INC000020359615,Remedy,Incident,13-09-16 9:01,SRVCAM-AM BI-Data
Project 1,Org_1,,MSTR,Access,21-11-16 12:07,Closed,329660,Not Defined,150,10,21-11-16 12:07,27-01-17 12:35,BI Reports,owner_name1387,PROD MACHINE : laq9ndwpr01 : Job dat-inh-ndw-q9n005_prdtd150dp.s failed with exit code 10,Not Defined,17-11-16 4:33,Not Defined,27-01-17 12:35,2,Met,Met,BI Data,INC000020599277,Remedy,Incident,17-11-16 4:33,SRVCAM-AM BI-Data
Project 1,Org_1,Directory,MSTR,Unable to Login,29-11-16 7:23,Resolved,265848,Not Defined,150,10,29-11-16 7:23,27-01-17 12:35,BI Reports,owner_name1023,PROD MACHINE  no machine: Error Code: 510 Job dat-inh-rdm-q9n675_prddly.b is running longer than the,Not Defined,26-11-16 5:32,Not Defined,27-01-17 12:35,2,Met,Met,BI Data,INC000020631331,Remedy,Incident,26-11-16 5:32,SRVCAM-AM BI-Data
Project 1,Org_1,Desktop Software,MSTR,Access,26-12-16 9:20,Closed,17279,Not Defined,240,20,26-12-16 9:20,27-01-17 12:35,BI Reports,owner_name2513,PROD MACHINE : laq9ndwpr01 : Job dat-inh-ndw-q9n778_prd778scd.s failed with exit code 32,Not Defined,26-12-16 4:32,Not Defined,26-12-16 9:20,3,Met,Met,BI Data,INC000020731882,Remedy,Incident,26-12-16 4:32,SRVCAM-AM BI-Data
Project 1,Org_1,,MSTR,Configuration,30-09-16 7:23,Resolved,948128,Not Defined,Not Defined,20,30-09-16 7:23,27-01-17 12:35,BI Reports,owner_name1377,"1. State the issue: rpt-inh-mst-lcl710_gmarc011.f is running longer
2. Why it happened: Due to CRQ000001215922 jobs are running longer as they started on their run time
3. Data Issue: NO
4. Dependent Job Delay/Job fail: NA 
5. Resolution applied: Job will be completed successfully after the outage
6. What should be done to prevent the inflow of such tickets: NA",Not Defined,19-09-16 8:01,Not Defined,30-09-16 7:23,3,Met,Met,BI Reports,INC000020382069,Remedy,Incident,19-09-16 8:01,SRVCAM-AM BI-Reports
Project 1,Org_1,Directory,MSTR,Unable to Login,25-11-16 3:40,Closed,12383,Not Defined,210,20,25-11-16 3:40,27-01-17 12:35,BI Reports,owner_name1690,PROD MACHINE : no machine : Job dat-inh-ndw-q9n500_prddaily.b failed with exit code 1,Not Defined,25-11-16 12:14,Not Defined,25-11-16 3:40,3,Met,Met,BI Data,INC000020626189,Remedy,Incident,25-11-16 12:14,SRVCAM-AM BI-Data
Project 1,Org_1,Directory,MSTR,Password Reset,22-11-16 3:22,Resolved,5501,Not Defined,210,20,22-11-16 3:22,27-01-17 12:35,BI Reports,owner_name1387,PROD MACHINE  laq9ndwpr01: Error Code: 510 Job dat-inh-rdm-q9n300_bsad.s is running longer than the,Not Defined,22-11-16 1:50,Not Defined,22-11-16 3:22,3,Met,Met,BI Data,INC000020613951,Remedy,Incident,22-11-16 1:50,SRVCAM-AM BI-Data
Project 1,Org_1,,MSTR,Configuration,19-11-16 3:23,Resolved,497243,Not Defined,240,20,19-11-16 3:23,27-01-17 12:35,BI Reports,owner_name2773,PROD MACHINE : laq9ndwpr01 : Job dat-inh-rdm-q9n404_rdm500wmss.s failed with exit code 100,Not Defined,13-11-16 9:15,Not Defined,19-11-16 3:23,3,Met,Met,BI Data,INC000020585083,Remedy,Incident,13-11-16 9:15,SRVCAM-AM BI-Data
Project 1,Org_1,,MSTR,Other,17-11-16 3:28,Resolved,29170,Not Defined,210,20,17-11-16 3:28,17-11-16 3:28,BI Reports,owner_name801,Machine vwkrbsapr09.ngco.com: Job dat-inh-rdm-q9n651_prd641slow.s failed with exit code 1.,Not Defined,17-11-16 7:22,Not Defined,17-11-16 3:28,3,Met,Met,BI Data,INC000020598590,Remedy,Incident,17-11-16 7:22,SRVCAM-AM BI-Data
Project 1,Org_1,Directory,MSTR,Password Reset,28-10-16 10:52,Resolved,1043128,Not Defined,Not Defined,20,28-10-16 10:52,28-10-16 10:52,BI Reports,owner_name192,"1. State the issue: Job max run
2. Why it happened: INSERT INTO rldmprod_T.SM_MKT_BSKT_SITE_MCH1_DLY took time to complete
3. Job Failed/long running:Job max-run
4. Downstream impact: NA
5. Resolution applied:Job completed at Oct 16, 2016 9:31:59 AM
6. What should be done to prevent the inflow of such tickets:Are in contact with DBA team.",Not Defined,16-10-16 9:06,Not Defined,28-10-16 10:52,3,Met,Met,BI Data,INC000020492348,Remedy,Incident,16-10-16 9:06,SRVCAM-AM BI-Data
Project 1,Org_1,Directory,MSTR,Organisational,31-10-16 10:39,Resolved,1215870,Not Defined,Not Defined,20,31-10-16 10:39,31-10-16 10:39,BI Reports,owner_name3239,"Called at store and spoke to Kevin, he confirmed that reports are working fine now. hence resolving the incident",Not Defined,17-10-16 8:55,17-10-16 8:55,31-10-16 10:39,4,Met,Met,BI Reports,INC000020495065,Remedy,Incident,17-10-16 8:55,SRVCAM-AM BI-Reports
Project 1,Org_1,Directory,MSTR,Organisational,21-12-16 9:18,Closed,261629,Not Defined,300,20,21-12-16 9:18,21-12-16 9:18,BI Reports,owner_name3239,Unable to logon to microstrategy,Not Defined,18-12-16 8:37,18-12-16 8:37,21-12-16 9:18,4,Met,Met,BI Reports,INC000020706908,Remedy,RTC Work Request,18-12-16 8:37,SRVCAM-AM BI-Reports
Project 1,Org_1,Directory,MSTR,Profile,23-12-16 9:44,Resolved,1765,Not Defined,240,20,23-12-16 9:44,23-12-16 9:44,BI Reports,owner_name192,PROD MACHINE : no machine : Job dat-inh-rdm-q9n651_prdstats.b failed with exit code 1,Not Defined,23-12-16 9:15,Not Defined,23-12-16 9:44,3,Met,Met,BI Data,INC000020724652,Remedy,Incident,23-12-16 9:15,SRVCAM-AM BI-Data
Project 1,Org_1,,MSTR,Unable to Login,Not Defined,Closed,Not Defined,Not Defined,Not Defined,20,23-01-17 12:35,23-01-17 12:35,BI Reports,owner_name1387,PROD MACHINE  laq9ndwpr01: Error Code: 510 Job dat-inh-sdm-q9n002_orgs.f is running longer than the,Not Defined,22-01-17 7:31,23-01-17 12:35,23-01-17 12:35,3,Not Defined,Not Defined,BI Data,INC000020830170,Remedy,Incident,22-01-17 7:31,SRVCAM-AM BI-Data
Project 1,Org_1,,MSTR,Other,19-12-16 6:21,Closed,513268,Not Defined,240,20,19-12-16 6:21,23-01-17 12:35,BI Reports,owner_name1922,"Hi Network Team,

This is related to the STAS LM recovery project.
We need your help in transferring",Not Defined,13-12-16 7:47,13-12-16 7:47,19-12-16 6:21,3,Met,Met,BI Data,INC000020685153,Remedy,Service Request,13-12-16 7:47,SRVCAM-AM BI-Data
Project 1,Org_1,RTBS/Portal,MSTR,Configuration,19-10-16 4:38,Closed,63447,Not Defined,Not Defined,20,19-10-16 4:38,23-01-17 12:35,BI Reports,owner_name1377,Not Defined,Not Defined,18-10-16 11:00,Not Defined,19-10-16 4:38,4,Met,Met,BI Data,INC000020502082,Remedy,Incident,18-10-16 11:00,SRVCAM-AM BI-Data
Project 1,Org_1,Directory,MSTR,Password Reset,28-10-16 10:19,Resolved,1001859,Not Defined,Not Defined,20,28-10-16 10:19,23-01-17 12:35,BI Reports,owner_name1736,"1. State the issue: Files not recieved at NDW end.
2. Why it happened: There were some disk space issue with databank server.Due to this many DBK jobs didn’t Ftp’d the file proper.
3. Job Failed/long running:File long running
4. Downstream impact: Many of the downstream jobs were waiting.
5. Resolution applied:DBK ftped the files to NDW manually.
6. What should be done to prevent the inflow of such tickets:Are in contact with DBK team.",Not Defined,16-10-16 8:02,Not Defined,28-10-16 10:19,3,Met,Met,BI Data,INC000020494348,Remedy,Incident,16-10-16 8:02,SRVCAM-AM BI-Data
Project 1,Org_1,Directory,MSTR,Password Reset,28-10-16 10:11,Resolved,993044,Not Defined,Not Defined,20,28-10-16 10:11,23-01-17 12:35,BI Reports,owner_name192,"1. State the issue: Files not recieved at NDW end.
2. Why it happened: There were some disk space issue with databank server.Due to this many DBK jobs didn’t Ftp’d the file proper.
3. Job Failed/long running:File long running
4. Downstream impact: Many of the downstream jobs were waiting.
5. Resolution applied:DBK ftped the files to NDW manually.
6. What should be done to prevent the inflow of such tickets:Are in contact with DBK team.",Not Defined,16-10-16 10:21,Not Defined,28-10-16 10:11,3,Met,Met,BI Data,INC000020494725,Remedy,Incident,16-10-16 10:21,SRVCAM-AM BI-Data
Project 1,Org_1,RTBS/MPA,MSTR,Other,21-11-16 12:21,Resolved,10240,Not Defined,150,20,21-11-16 12:21,23-01-17 12:35,BI Reports,,PROD MACHINE  no machine: Error Code: 510 Job dat-inh-rdm-q9n404_prdwkly.b is running longer than th,Not Defined,20-11-16 9:30,Not Defined,21-11-16 12:21,2,Met,Met,BI Data,INC000020609267,Remedy,Incident,20-11-16 9:30,SRVCAM-AM BI-Data
Project 1,Org_1,Sharepoint,MSTR,Other,21-11-16 12:10,In Progress,9328,Not Defined,150,20,21-11-16 12:10,23-01-17 12:35,BI Reports,owner_name2048,teradata_ipr351wgrossprofit_*.dat file not received,Not Defined,20-11-16 9:35,Not Defined,21-11-16 12:10,2,Met,Met,BI Data,INC000020609150,Remedy,Service Request,20-11-16 9:35,SRVCAM-AM BI-Data
Project 1,Org_1,Desktop Software,MSTR,Unable to Login,25-12-16 2:04,In Progress,60549,Not Defined,240,20,25-12-16 2:04,25-12-16 2:04,BI Reports,owner_name261,PROD MACHINE : no machine : Job dat-inh-rdm-q9n651_prdstats.b failed with exit code 1,Not Defined,24-12-16 9:15,Not Defined,25-12-16 2:04,3,Met,Met,BI Data,INC000020727702,Remedy,Incident,24-12-16 9:15,SRVCAM-AM BI-Data
Project 1,Org_1,,MSTR,Access,29-11-16 3:31,In Progress,19709,Not Defined,270,20,29-11-16 3:31,29-11-16 3:31,BI Reports,owner_name2513,Unable to MCH Custom sales and GM analysys pull report in Microstrategy,Not Defined,28-11-16 10:02,28-11-16 10:02,29-11-16 3:31,1,Met,Met,BI Reports,INC000020636353,Remedy,Service Request,28-11-16 10:02,SRVCAM-AM BI-Reports
Project 1,Org_1,Directory,Admin,Permissions,18-11-16 10:58,In Progress,343495,Not Defined,210,20,18-11-16 10:58,18-11-16 10:58,Admin,owner_name3239,AP-0001 - Microstrategy Report//Not loading,Not Defined,14-11-16 11:33,14-11-16 11:33,18-11-16 10:58,3,Met,Met,BI Admin,INC000020588746,Remedy,Service Request,14-11-16 11:33,SRVCAM-AM BI-Reports Admin
Project 1,Org_1,Sharepoint,MSTR,Other,21-11-16 11:42,On Hold,5570,Not Defined,150,20,21-11-16 11:42,21-11-16 11:42,BI Reports,owner_name1922,PROD MACHINE : laq9ndwpr01 : Job dat-inh-rdm-q9n670_rdm673sun.s failed with exit code 100,Not Defined,21-11-16 10:09,Not Defined,21-11-16 11:42,2,Met,Met,BI Data,INC000020610292,Remedy,Incident,21-11-16 10:09,SRVCAM-AM BI-Data
Project 1,Org_1,Directory,MSTR,Unable to Login,28-10-16 10:23,On Hold,1005678,Not Defined,Not Defined,20,28-10-16 10:23,28-10-16 10:23,BI Reports,owner_name1638,"1. State the issue: Files not recieved at NDW end.
2. Why it happened: There were some disk space issue with databank server.Due to this many DBK jobs didn’t Ftp’d the file proper.
3. Job Failed/long running:File long running
4. Downstream impact: Many of the downstream jobs were waiting.
5. Resolution applied:DBK ftped the files to NDW manually.
6. What should be done to prevent the inflow of such tickets:Are in contact with DBK team.",Not Defined,16-10-16 7:02,Not Defined,28-10-16 10:23,3,Met,Met,BI Data,INC000020494210,Remedy,Incident,16-10-16 7:02,SRVCAM-AM BI-Data
Project 1,Org_1,Directory,Admin,Password Reset,24-10-16 12:23,Customer Hold,89783,Not Defined,Not Defined,20,24-10-16 12:23,24-10-16 12:23,Admin,owner_name2513,Report is refreshed successfully now,Not Defined,23-10-16 11:26,Not Defined,24-10-16 12:23,3,Met,Met,BI Admin,INC000020519338,Remedy,Service Request,23-10-16 11:26,SRVCAM-AM BI-Reports Admin
Project 1,Org_1,,MSTR,Configuration,23-09-16 11:38,Customer Hold,2207596,Not Defined,Not Defined,20,23-09-16 11:38,23-09-16 11:38,BI Reports,owner_name2790,There seems no issue with the subscription creation,Not Defined,29-08-16 10:24,Not Defined,23-09-16 11:38,4,Met,Met,BI Reports,INC000020265936,Remedy,Service Request,29-08-16 10:24,SRVCAM-AM BI-Reports
Project 1,Org_1,RTBS/PTP,Admin,Other,24-10-16 10:32,On Hold,2165293,Not Defined,Not Defined,20,24-10-16 10:32,24-10-16 10:32,Admin,,"The backend forms query in such a way that it again fetches current year’s data. It is because of a join in the query.
We are looking into the possible resolutions for the same.
Incident has been converted to a PBI.",Not Defined,29-09-16 9:04,Not Defined,24-10-16 10:32,3,Met,Met,BI Admin,INC000020418988,Remedy,Service Request,29-09-16 9:04,SRVCAM-AM BI-Reports Admin
Project 1,Org_1,Directory,MSTR,Password Reset,30-09-16 7:24,On Hold,948202,Not Defined,Not Defined,20,30-09-16 7:24,30-09-16 7:24,BI Reports,owner_name2513,"1. State the issue: rpt-inh-mst-lcl710_gmarc013.f is running longer
2. Why it happened: Due to CRQ000001215922 jobs are running longer as they started on their run time
3. Data Issue: NO
4. Dependent Job Delay/Job fail: NA 
5. Resolution applied: Job will be completed successfully after the outage
6. What should be done to prevent the inflow of such tickets: NA",Not Defined,19-09-16 8:01,Not Defined,30-09-16 7:24,3,Met,Met,BI Reports,INC000020382062,Remedy,Incident,19-09-16 8:01,SRVCAM-AM BI-Reports
Project 1,Org_1,RTBS/Portal,MSTR,Functionality,26-09-16 11:33,Customer Hold,1011205,Not Defined,Not Defined,20,26-09-16 11:33,26-09-16 11:33,BI Reports,owner_name1387,"Data has been loaded for the site 1573 for 13th Sept and the same data is available on the report. Tried calling at the store but the provided number is not working, hence resolving the incident as data is appearing on SRS-0001 report",Not Defined,14-09-16 6:40,14-09-16 6:40,26-09-16 11:33,4,Met,Met,BI Reports,INC000020366242,Remedy,Incident,14-09-16 6:40,SRVCAM-AM BI-Reports
Project 1,Org_1,Directory,MSTR,Password Reset,29-11-16 4:48,Customer Hold,80242,Not Defined,210,20,29-11-16 4:48,29-11-16 4:48,BI Reports,owner_name1736,PROD MACHINE  laq9ndwpr01: Error Code: 510 Job dat-inh-ndw-q9n585_prd131.f is running longer than th,Not Defined,28-11-16 6:31,Not Defined,29-11-16 4:48,3,Met,Met,BI Data,INC000020635810,Remedy,Incident,28-11-16 6:31,SRVCAM-AM BI-Data
Project 1,Org_1,Sharepoint,MSTR,Other,29-11-16 8:13,On Hold,84346,Not Defined,270,20,29-11-16 8:13,29-11-16 8:13,BI Reports,,SLV004 is not available (Per DC) and general overall speed of mircrostartegy needs to be investigate,Not Defined,28-11-16 8:48,Not Defined,29-11-16 8:13,4,Met,Met,BI Reports,INC000020636140,Remedy,Service Request,28-11-16 8:48,SRVCAM-AM BI-Reports
Project 1,Org_1,RTBS/CTC,MSTR,Results / Data,29-11-16 7:21,Closed,275756,Not Defined,150,20,29-11-16 7:21,29-11-16 7:21,BI Reports,owner_name137,PROD MACHINE : laq9ndwpr01 : Job dat-inh-rdm-q9n675_rdm692dly.s failed with exit code 100,Not Defined,26-11-16 2:45,Not Defined,29-11-16 7:21,2,Met,Met,BI Data,INC000020631046,Remedy,Incident,26-11-16 2:45,SRVCAM-AM BI-Data
Project 1,Org_1,Directory,MSTR,Password Reset,Not Defined,Pending,Not Defined,Not Defined,Not Defined,20,23-01-17 12:35,23-01-17 12:35,BI Reports,owner_name261,PROD MACHINE  laq9ndwpr01: Error Code: 510 Job dat-inh-sdm-q9n002_prorev.f is running longer than th,Not Defined,22-01-17 7:31,23-01-17 12:35,23-01-17 12:35,3,Not Defined,Not Defined,BI Data,INC000020830176,Remedy,Incident,22-01-17 7:31,SRVCAM-AM BI-Data
Project 1,Org_1,Directory,MSTR,Password Reset,26-12-16 11:48,Resolved,41953,Not Defined,240,20,23-01-17 12:35,26-12-16 11:48,BI Reports,owner_name1408,Filesystem y on host laq9ndwpr01 has triggered a MINOR alert for disk space currently utilized.   Cu,Not Defined,26-12-16 12:09,26-12-16 2:12,26-12-16 11:48,3,Met,Met,BI Data,INC000020730955,Remedy,Incident,26-12-16 12:09,SRVCAM-AM BI-Data
Project 1,Org_1,,MSTR,Technical or Configuration,30-12-16 12:32,Resolved,11842,Not Defined,240,20,23-01-17 12:35,30-12-16 12:32,BI Reports,owner_name261,PROD MACHINE : no machine : Job dat-inh-rdm-q9n651_prdstats.b failed with exit code 1,Not Defined,30-12-16 9:15,Not Defined,30-12-16 12:32,3,Met,Met,BI Data,INC000020742760,Remedy,Incident,30-12-16 9:15,SRVCAM-AM BI-Data
Project 1,Org_1,Directory,MSTR,Password Reset,20-01-17 1:01,Resolved,209496,Not Defined,240,20,23-01-17 12:35,20-01-17 1:01,BI Reports,owner_name829,Filesystem x on host laq9ndwpr03 has triggered a MINOR alert for disk space currently utilized.   Cu,Not Defined,17-01-17 2:49,Not Defined,20-01-17 1:01,3,Met,Met,BI Data,INC000020806534,Remedy,Incident,17-01-17 2:49,SRVCAM-AM BI-Data
Project 1,Org_1,,MSTR,Access,30-09-16 3:02,Closed,894601,Not Defined,Not Defined,20,23-01-17 12:35,30-09-16 3:02,BI Reports,owner_name1387,Job failed due to old SUC file,Not Defined,19-09-16 6:32,Not Defined,30-09-16 3:02,2,Met,Met,BI Reports,INC000020384432,Remedy,Incident,19-09-16 6:32,SRVCAM-AM BI-Reports
Project 1,Org_1,Directory,MSTR,Password Reset,19-09-16 4:52,Closed,2082911,Not Defined,Not Defined,20,23-01-17 12:35,19-09-16 4:52,BI Reports,owner_name829,"1. State the issue: Peter was not able to access PL-0001 report
2. Why it happened: User did not have access
3. Data Issue: NO
4. Dependent Job Delay/Job fail: NA 
5. Resolution applied: Martin recreated the user account which fixed the issue.
6. What should be done to prevent the inflow of such tickets: NA",Not Defined,26-08-16 2:17,26-08-16 2:17,19-09-16 4:52,4,Met,Met,BI Reports,INC000020250046,Remedy,Service Request,26-08-16 2:17,SRVCAM-AM BI-Reports
Project 1,Org_1,,MSTR,Configuration,31-10-16 3:25,Resolved,546890,Not Defined,Not Defined,20,31-10-16 3:25,31-10-16 3:25,BI Reports,owner_name1638,Called Towhid and he told that he was able to view SRS report properly and was having issue with access to PL-0001 report and he had raised another incident for PL-0001 report. Hence resolving this incident which was related to SRS report,Not Defined,24-10-16 7:31,24-10-16 7:31,31-10-16 3:25,4,Met,Met,BI Reports,INC000020524124,Remedy,Service Request,24-10-16 7:31,SRVCAM-AM BI-Reports
Project 1,Org_1,Directory,MSTR,Password Reset,22-12-16 12:36,Resolved,274006,Not Defined,240,20,22-12-16 12:36,22-12-16 12:36,BI Reports,owner_name829,Micro strategy password reset,Not Defined,18-12-16 8:29,18-12-16 8:29,22-12-16 12:36,3,Met,Met,BI Reports,INC000020706918,Remedy,Service Request,18-12-16 8:29,SRVCAM-AM BI-Reports
Project 1,Org_1,Directory,MSTR,Password Reset,24-11-16 8:23,Resolved,176637,Not Defined,270,20,24-11-16 8:23,24-11-16 8:23,BI Reports,owner_name1638,SAP BI reports Incorrect.,Not Defined,22-11-16 7:19,22-11-16 7:19,24-11-16 8:23,1,Met,Met,BI Reports,INC000020614609,Remedy,RTC Work Request,22-11-16 7:19,SRVCAM-AM BI-Reports
Project 1,Org_1,,MSTR,Other,27-10-16 5:17,Closed,929717,Not Defined,Not Defined,20,27-10-16 5:17,27-10-16 5:17,BI Reports,owner_name801,"1. State the issue: Job Max-run
2. Why it happened: DML statement insert into rldmprod_T.PD_SITE_MCH0_PI_ADJ took longer time to complete
3. Job Failed/long running:Job long run
4. Downstream impact: NA
5. Resolution applied:job was completed at Oct 16, 2016 11:16:01 AM
6. What should be done to prevent the inflow of such tickets:NA",Not Defined,16-10-16 11:01,Not Defined,27-10-16 5:17,2,Met,Met,BI Data,INC000020492623,Remedy,Incident,16-10-16 11:01,SRVCAM-AM BI-Data
Project 1,Org_1,Directory,MSTR,Password Reset,26-09-16 8:09,Closed,947283,Not Defined,Not Defined,20,26-09-16 8:09,26-09-16 8:09,BI Reports,owner_name829,"1. State the issue: Job max-run
2. Why it happened: Collect STATISTICS statement on rdmprod_T.SL_TRANS_LINE table took longer time to complete
3. Job Failed/long running:long running 
4. Downstream impact: NA 
5. Resolution applied:job was completed at Sep 15, 2016 9:01:21 AM
6. What should be done to prevent the inflow of such tickets:NA",Not Defined,15-09-16 9:01,Not Defined,26-09-16 8:09,2,Met,Met,BI Data,INC000020368172,Remedy,Incident,15-09-16 9:01,SRVCAM-AM BI-Data
Project 1,Org_1,Directory,MSTR,Password Reset,29-11-16 3:29,Resolved,31295,Not Defined,270,20,29-11-16 3:29,29-11-16 3:29,BI Reports,owner_name1638,Unable to open AP-001 DSD Invoice report,Not Defined,28-11-16 6:48,28-11-16 6:48,29-11-16 3:29,1,Met,Met,BI Reports,INC000020635246,Remedy,Service Request,28-11-16 6:48,SRVCAM-AM BI-Reports
Project 1,Org_1,,MSTR,Unable to Login,31-10-16 2:53,Resolved,30658,Not Defined,Not Defined,20,31-10-16 2:53,31-10-16 2:53,BI Reports,owner_name1377,"1. State the issue: Job failed as .dat file didnt exist
2. Why it happened: job failed due to error in connectivity with P140 job
3. Job Failed/long running:Job failed 
4. Downstream impact: NA
5. Resolution applied : Connectivity was checked and job was FS.
6. What should be done to prevent the inflow of such tickets: NA",Not Defined,31-10-16 6:22,Not Defined,31-10-16 2:53,3,Met,Met,BI Data,INC000020542191,Remedy,Incident,31-10-16 6:22,SRVCAM-AM BI-Data
Project 1,Org_1,Directory,MSTR,Password Reset,30-09-16 3:04,Closed,895524,Not Defined,Not Defined,20,30-09-16 3:04,30-09-16 3:04,BI Reports,owner_name2374,Job failed due to old SUC file,Not Defined,19-09-16 6:19,Not Defined,30-09-16 3:04,2,Met,Met,BI Reports,INC000020384418,Remedy,Incident,19-09-16 6:19,SRVCAM-AM BI-Reports
Project 1,Org_1,,MSTR,Password Reset,25-10-16 10:26,Resolved,7440,Not Defined,Not Defined,20,25-10-16 10:26,25-10-16 10:26,BI Reports,owner_name277,confirmation from user,Not Defined,25-10-16 8:22,25-10-16 8:22,25-10-16 10:26,3,Met,Met,BI Reports,INC000020525041,Remedy,Incident,25-10-16 8:22,SRVCAM-AM BI-Reports
